<?xml version="1.0" encoding="UTF-8"?>
<beans:beans xmlns="http://www.springframework.org/schema/mvc"
	xmlns:xsi="http://www.w3.org/2001/XMLSchema-instance"
	xmlns:beans="http://www.springframework.org/schema/beans"
	xmlns:context="http://www.springframework.org/schema/context"
	xmlns:jdbc="http://www.springframework.org/schema/jdbc"
	xsi:schemaLocation="http://www.springframework.org/schema/jdbc http://www.springframework.org/schema/jdbc/spring-jdbc-3.1.xsd
		http://www.springframework.org/schema/mvc https://www.springframework.org/schema/mvc/spring-mvc.xsd
		http://www.springframework.org/schema/beans https://www.springframework.org/schema/beans/spring-beans.xsd
		http://www.springframework.org/schema/context https://www.springframework.org/schema/context/spring-context.xsd">

	<!-- DispatcherServlet Context: defines this servlet's request-processing infrastructure -->
	
	<!-- Enables the Spring MVC @Controller programming model -->
	<annotation-driven />

	<!-- Handles HTTP GET requests for /resources/** by efficiently serving up static resources in the ${webappRoot}/resources directory -->
	<resources mapping="/resources/**" location="/resources/" />

	<!-- Resolves views selected for rendering by @Controllers to .jsp resources in the /WEB-INF/views directory -->
	<beans:bean class="org.springframework.web.servlet.view.InternalResourceViewResolver">
		<beans:property name="prefix" value="/WEB-INF/views/" />
		<beans:property name="suffix" value=".jsp" />
	</beans:bean>
	<context:component-scan base-package="tobe.project.*" />
	<!-- Logininterceptor설정, AuthInterceptor설정 -->
	<!-- <beans:bean id="loginInterceptor" class="tobe.project.interceptor.LoginInterceptor"></beans:bean>
	<beans:bean id="authInterceptor" class="tobe.project.interceptor.AuthInterceptor"></beans:bean>
	<interceptors>
		<interceptor>
			<mapping path="/loginPost"/>
			<beans:ref bean="loginInterceptor"/>
		</interceptor>
		<interceptor>
			<mapping path="/main"/>
			<exclude-mapping path="/login.do"/>
			<beans:ref bean="authInterceptor"/>
		</interceptor>
	</interceptors> -->
	
	
</beans:beans>
